id,time,temp,speed,direction
1,"2023-09-25 00:12:07",15,7.7,349
2,"2023-09-25 00:13:07",15,7.7,349
3,"2023-09-25 00:14:08",15,7.7,349
4,"2023-09-25 00:15:08",15,8.4,350
5,"2023-09-25 00:16:08",15,8.4,350
6,"2023-09-25 00:17:09",15,8.4,350
7,"2023-09-25 00:18:09",15,8.4,350
8,"2023-09-25 00:19:09",15,8.4,350
9,"2023-09-25 00:20:10",15,8.4,350
10,"2023-09-25 00:21:10",15,8.4,350
11,"2023-09-25 00:22:11",15,8.4,350
12,"2023-09-25 00:23:11",15,8.4,350
13,"2023-09-25 00:24:12",15,8.4,350
14,"2023-09-25 00:25:12",15,8.4,350
15,"2023-09-25 00:26:12",15,8.4,350
16,"2023-09-25 00:27:13",15,8.4,350
17,"2023-09-25 00:28:13",15,8.4,350
18,"2023-09-25 00:29:14",15,8.4,350
19,"2023-09-25 00:30:14",14.9,8.3,360
20,"2023-09-25 00:31:14",14.9,8.3,360
21,"2023-09-25 00:32:15",14.9,8.3,360
22,"2023-09-25 00:33:15",14.9,8.3,360
23,"2023-09-25 00:34:16",14.9,8.3,360
24,"2023-09-25 00:35:16",14.9,8.3,360
25,"2023-09-25 00:36:16",14.9,8.3,360
26,"2023-09-25 00:37:17",14.9,8.3,360
27,"2023-09-25 00:38:17",14.9,8.3,360
28,"2023-09-25 00:39:18",14.9,8.3,360
29,"2023-09-25 00:40:18",14.9,8.3,360
30,"2023-09-25 00:41:18",14.9,8.3,360
31,"2023-09-25 00:42:19",14.9,8.3,360
32,"2023-09-25 00:43:19",14.9,8.3,360
33,"2023-09-25 00:44:20",14.9,8.3,360
34,"2023-09-25 00:45:20",14.8,8.3,358
35,"2023-09-25 00:46:20",14.8,8.3,358
36,"2023-09-25 00:47:21",14.8,8.3,358
37,"2023-09-25 00:48:21",14.8,8.3,358
38,"2023-09-25 00:49:22",14.8,8.3,358
39,"2023-09-25 00:50:22",14.8,8.3,358
40,"2023-09-25 00:51:23",14.8,8.3,358
41,"2023-09-25 00:52:23",14.8,8.3,358
42,"2023-09-25 00:53:23",14.8,8.3,358
43,"2023-09-25 00:54:24",14.8,8.3,358
44,"2023-09-25 00:55:24",14.8,8.3,358
45,"2023-09-25 00:56:25",14.8,8.3,358
46,"2023-09-25 00:57:25",14.8,8.3,358
47,"2023-09-25 00:58:25",14.8,8.3,358
48,"2023-09-25 00:59:26",14.8,8.3,358
49,"2023-09-25 01:00:26",14.6,7.9,357
50,"2023-09-25 01:01:27",14.6,7.9,357
51,"2023-09-25 01:02:27",14.6,7.9,357
52,"2023-09-25 01:03:27",14.6,7.9,357
53,"2023-09-25 01:04:28",14.6,7.9,357
54,"2023-09-25 01:05:28",14.6,7.9,357
55,"2023-09-25 01:06:28",14.6,7.9,357
56,"2023-09-25 01:07:29",14.6,7.9,357
57,"2023-09-25 01:08:29",14.6,7.9,357
58,"2023-09-25 01:09:30",14.6,7.9,357
59,"2023-09-25 01:10:30",14.6,7.9,357
60,"2023-09-25 01:11:30",14.6,7.9,357
61,"2023-09-25 01:12:31",14.6,7.9,357
62,"2023-09-25 01:13:31",14.6,7.9,357
63,"2023-09-25 01:14:31",14.6,7.9,357
64,"2023-09-25 01:15:32",14.5,8,355
65,"2023-09-25 01:16:32",14.5,8,355
66,"2023-09-25 01:17:33",14.5,8,355
67,"2023-09-25 01:18:33",14.5,8,355
68,"2023-09-25 01:19:33",14.5,8,355
69,"2023-09-25 01:20:34",14.5,8,355
70,"2023-09-25 01:21:34",14.5,8,355
71,"2023-09-25 01:22:35",14.5,8,355
72,"2023-09-25 01:23:35",14.5,8,355
73,"2023-09-25 01:24:35",14.5,8,355
74,"2023-09-25 01:25:36",14.5,8,355
75,"2023-09-25 01:26:36",14.5,8,355
76,"2023-09-25 01:27:36",14.5,8,355
77,"2023-09-25 01:28:37",14.5,8,355
78,"2023-09-25 01:29:37",15.1,8.7,7
79,"2023-09-25 01:30:38",15,9.5,9
80,"2023-09-25 01:31:38",15,9.5,9
81,"2023-09-25 01:32:39",15,9.5,9
82,"2023-09-25 01:33:39",15,9.5,9
83,"2023-09-25 01:34:39",15,9.5,9
84,"2023-09-25 01:35:40",15,9.5,9
85,"2023-09-25 01:36:40",15,9.5,9
86,"2023-09-25 01:37:41",15,9.5,9
87,"2023-09-25 01:38:41",15,9.5,9
88,"2023-09-25 01:39:41",15,9.5,9
89,"2023-09-25 01:40:42",15,9.5,9
90,"2023-09-25 01:41:42",15,9.5,9
91,"2023-09-25 01:42:42",15,9.5,9
92,"2023-09-25 01:43:43",15,9.5,9
93,"2023-09-25 01:44:43",15,9.5,9
94,"2023-09-25 01:45:44",15,9.3,16
95,"2023-09-25 01:46:44",15,9.3,16
96,"2023-09-25 01:47:44",15,9.3,16
97,"2023-09-25 01:48:45",15,9.3,16
98,"2023-09-25 01:49:45",15,9.3,16
99,"2023-09-25 01:50:46",15,9.3,16
100,"2023-09-25 01:51:46",15,9.3,16
101,"2023-09-25 01:52:47",15,9.3,16
102,"2023-09-25 01:53:47",15,9.3,16
103,"2023-09-25 01:54:47",15,9.3,16
104,"2023-09-25 01:55:48",15,9.3,16
105,"2023-09-25 01:56:48",15,9.3,16
106,"2023-09-25 01:57:48",15,9.3,16
107,"2023-09-25 01:58:49",15,9.3,16
108,"2023-09-25 01:59:49",15,9.3,16
109,"2023-09-25 02:00:50",14.8,9.8,17
110,"2023-09-25 02:01:50",14.8,9.8,17
111,"2023-09-25 02:02:50",14.8,9.8,17
112,"2023-09-25 02:03:51",14.8,9.8,17
113,"2023-09-25 02:04:51",14.8,9.8,17
114,"2023-09-25 02:05:52",14.8,9.8,17
115,"2023-09-25 02:06:52",14.8,9.8,17
116,"2023-09-25 02:07:52",14.8,9.8,17
117,"2023-09-25 02:08:53",14.8,9.8,17
118,"2023-09-25 02:09:53",14.8,9.8,17
119,"2023-09-25 02:10:54",14.8,9.8,17
120,"2023-09-25 02:11:54",14.8,9.8,17
121,"2023-09-25 02:12:55",14.8,9.8,17
122,"2023-09-25 02:13:55",14.8,9.8,17
123,"2023-09-25 02:14:55",14.8,9.8,17
124,"2023-09-25 02:15:56",14.7,9.6,13
125,"2023-09-25 02:16:56",14.7,9.6,13
126,"2023-09-25 02:17:57",14.7,9.6,13
127,"2023-09-25 02:18:57",14.7,9.6,13
128,"2023-09-25 02:19:57",14.7,9.6,13
129,"2023-09-25 02:20:58",14.7,9.6,13
130,"2023-09-25 02:21:58",14.7,9.6,13
131,"2023-09-25 02:22:59",14.7,9.6,13
132,"2023-09-25 02:23:59",14.7,9.6,13
133,"2023-09-25 02:24:59",14.7,9.6,13
134,"2023-09-25 02:26:00",14.7,9.6,13
135,"2023-09-25 02:27:00",14.7,9.6,13
136,"2023-09-25 02:28:01",15,10.2,18
137,"2023-09-25 02:29:01",15,10.2,18
138,"2023-09-25 02:30:01",14.8,10.5,16
139,"2023-09-25 02:31:02",14.8,10.5,16
140,"2023-09-25 02:32:02",14.8,10.5,16
141,"2023-09-25 02:33:03",14.8,10.5,16
142,"2023-09-25 02:34:03",14.8,10.5,16
143,"2023-09-25 02:35:03",14.8,10.5,16
144,"2023-09-25 02:36:04",14.8,10.5,16
145,"2023-09-25 02:37:04",14.8,10.5,16
146,"2023-09-25 02:38:05",14.8,10.5,16
147,"2023-09-25 02:39:05",14.8,10.5,16
148,"2023-09-25 02:40:05",14.8,10.5,16
149,"2023-09-25 02:41:06",14.8,10.5,16
150,"2023-09-25 02:42:06",14.8,10.5,16
151,"2023-09-25 02:43:07",14.8,10.5,16
152,"2023-09-25 02:44:07",14.8,10.5,16
153,"2023-09-25 02:45:07",14.7,10.5,22
154,"2023-09-25 02:46:08",14.7,10.5,22
155,"2023-09-25 02:47:08",14.7,10.5,22
156,"2023-09-25 02:48:09",14.7,10.5,22
157,"2023-09-25 02:49:09",14.7,10.5,22
158,"2023-09-25 02:50:09",14.7,10.5,22
159,"2023-09-25 02:51:10",14.7,10.5,22
160,"2023-09-25 02:52:10",14.7,10.5,22
161,"2023-09-25 02:53:11",14.7,10.5,22
162,"2023-09-25 02:54:11",14.7,10.5,22
163,"2023-09-25 02:55:11",14.7,10.5,22
164,"2023-09-25 02:56:12",14.7,10.5,22
165,"2023-09-25 02:57:12",14.7,10.5,22
166,"2023-09-25 02:58:13",14.7,10.5,22
167,"2023-09-25 02:59:13",14.7,10.5,22
168,"2023-09-25 03:00:13",14.5,11.3,22
169,"2023-09-25 03:01:14",14.5,11.3,22
170,"2023-09-25 03:02:14",14.5,11.3,22
171,"2023-09-25 03:03:15",14.5,11.3,22
172,"2023-09-25 03:04:15",14.5,11.3,22
173,"2023-09-25 03:05:16",14.5,11.3,22
174,"2023-09-25 03:06:16",14.5,11.3,22
175,"2023-09-25 03:07:16",14.5,11.3,22
176,"2023-09-25 03:08:17",14.5,11.3,22
177,"2023-09-25 03:09:17",14.5,11.3,22
178,"2023-09-25 03:10:18",14.5,11.3,22
179,"2023-09-25 03:11:18",14.5,11.3,22
180,"2023-09-25 03:12:18",14.5,11.3,22
181,"2023-09-25 03:13:19",14.5,11.3,22
182,"2023-09-25 03:14:19",14.5,11.3,22
183,"2023-09-25 03:15:19",14.4,10,26
184,"2023-09-25 03:16:20",14.4,10,26
185,"2023-09-25 03:17:20",14.4,10,26
186,"2023-09-25 03:18:21",14.4,10,26
187,"2023-09-25 03:19:21",14.4,10,26
188,"2023-09-25 03:20:21",14.4,10,26
189,"2023-09-25 03:21:22",14.4,10,26
190,"2023-09-25 03:22:22",14.7,10,21
191,"2023-09-25 03:23:22",14.7,10,21
192,"2023-09-25 03:24:23",14.7,10,21
193,"2023-09-25 03:25:23",14.7,10,21
194,"2023-09-25 03:26:24",14.7,10,21
195,"2023-09-25 03:27:24",14.7,10,21
196,"2023-09-25 03:28:24",14.7,10,21
197,"2023-09-25 03:29:25",14.7,10,21
198,"2023-09-25 03:30:25",14.5,9.5,25
199,"2023-09-25 03:31:26",14.5,9.5,25
200,"2023-09-25 03:32:26",14.5,9.5,25
201,"2023-09-25 03:33:26",14.5,9.5,25
202,"2023-09-25 03:34:27",14.5,9.5,25
203,"2023-09-25 03:35:27",14.5,9.5,25
204,"2023-09-25 03:36:27",14.5,9.5,25
205,"2023-09-25 03:37:28",14.5,9.5,25
206,"2023-09-25 03:38:28",14.5,9.5,25
207,"2023-09-25 03:39:29",14.5,9.5,25
208,"2023-09-25 03:40:29",14.5,9.5,25
209,"2023-09-25 03:41:30",14.5,9.5,25
210,"2023-09-25 03:42:30",14.5,9.5,25
211,"2023-09-25 03:43:30",14.5,9.5,25
212,"2023-09-25 03:44:31",14.5,9.5,25
213,"2023-09-25 03:45:31",14.3,9.2,26
214,"2023-09-25 03:46:31",14.3,9.2,26
215,"2023-09-25 03:47:32",14.3,9.2,26
216,"2023-09-25 03:48:32",14.3,9.2,26
217,"2023-09-25 03:49:33",14.3,9.2,26
218,"2023-09-25 03:50:33",14.3,9.2,26
219,"2023-09-25 03:51:33",14.3,9.2,26
220,"2023-09-25 03:52:34",14.3,9.2,26
221,"2023-09-25 03:53:34",14.3,9.2,26
222,"2023-09-25 03:54:35",14.3,9.2,26
223,"2023-09-25 03:55:35",14.3,9.2,26
224,"2023-09-25 03:56:35",14.3,9.2,26
225,"2023-09-25 03:57:36",14.3,9.2,26
226,"2023-09-25 03:58:36",14.3,9.2,26
227,"2023-09-25 03:59:37",14.3,9.2,26
228,"2023-09-25 04:00:37",14.1,8.3,18
229,"2023-09-25 04:01:38",14.1,8.3,18
230,"2023-09-25 04:02:38",14.1,8.3,18
231,"2023-09-25 04:03:38",14.1,8.3,18
232,"2023-09-25 04:04:39",14.1,8.3,18
233,"2023-09-25 04:05:39",14.1,8.3,18
234,"2023-09-25 04:06:39",14.1,8.3,18
235,"2023-09-25 04:07:40",14.1,8.3,18
236,"2023-09-25 04:08:40",14.1,8.3,18
237,"2023-09-25 04:09:41",14.1,8.3,18
238,"2023-09-25 04:10:41",14.1,8.3,18
239,"2023-09-25 04:11:41",14.1,8.3,18
240,"2023-09-25 04:12:42",14.1,8.3,18
241,"2023-09-25 04:13:42",14.1,8.3,18
242,"2023-09-25 04:14:43",14.1,8.3,18
243,"2023-09-25 04:15:43",13.9,8.3,18
244,"2023-09-25 04:16:43",13.9,8.3,18
245,"2023-09-25 04:17:44",13.9,8.3,18
246,"2023-09-25 04:18:44",13.9,8.3,18
247,"2023-09-25 04:19:45",13.9,8.3,18
248,"2023-09-25 04:20:45",13.9,8.3,18
249,"2023-09-25 04:21:45",13.9,8.3,18
250,"2023-09-25 04:22:46",13.9,8.3,18
251,"2023-09-25 04:23:46",13.9,8.3,18
252,"2023-09-25 04:24:47",13.9,8.3,18
253,"2023-09-25 04:25:47",13.9,8.3,18
254,"2023-09-25 04:26:47",13.9,8.3,18
255,"2023-09-25 04:27:48",13.9,8.3,18
256,"2023-09-25 04:28:48",14.3,9.1,18
257,"2023-09-25 04:29:48",14.3,9.1,18
258,"2023-09-25 04:30:49",14.2,9.2,11
259,"2023-09-25 04:31:49",14.2,9.2,11
260,"2023-09-25 04:32:50",14.2,9.2,11
261,"2023-09-25 04:33:50",14.2,9.2,11
262,"2023-09-25 04:34:50",14.2,9.2,11
263,"2023-09-25 04:35:51",14.2,9.2,11
264,"2023-09-25 04:36:51",14.2,9.2,11
265,"2023-09-25 04:37:52",14.2,9.2,11
266,"2023-09-25 04:38:52",14.2,9.2,11
267,"2023-09-25 04:39:52",14.2,9.2,11
268,"2023-09-25 04:40:53",14.2,9.2,11
269,"2023-09-25 04:41:53",14.2,9.2,11
270,"2023-09-25 04:42:54",14.2,9.2,11
271,"2023-09-25 04:43:54",14.2,9.2,11
272,"2023-09-25 04:44:54",14.2,9.2,11
273,"2023-09-25 04:45:55",14,9.1,9
274,"2023-09-25 04:46:55",14,9.1,9
275,"2023-09-25 04:47:56",14,9.1,9
276,"2023-09-25 04:48:56",14,9.1,9
277,"2023-09-25 04:49:56",14,9.1,9
278,"2023-09-25 04:50:57",14,9.1,9
279,"2023-09-25 04:51:57",14,9.1,9
280,"2023-09-25 04:52:58",14,9.1,9
281,"2023-09-25 04:53:58",14,9.1,9
282,"2023-09-25 04:54:58",14,9.1,9
283,"2023-09-25 04:55:59",14,9.1,9
284,"2023-09-25 04:56:59",14,9.1,9
285,"2023-09-25 04:58:00",14,9.1,9
286,"2023-09-25 04:59:00",14,9.1,9
287,"2023-09-25 05:00:00",13.9,9.1,9
288,"2023-09-25 05:01:01",13.9,9.1,9
289,"2023-09-25 05:02:01",13.9,9.1,9
290,"2023-09-25 05:03:02",13.9,9.1,9
291,"2023-09-25 05:04:02",13.9,9.1,9
292,"2023-09-25 05:05:02",13.9,9.1,9
293,"2023-09-25 05:06:03",13.9,9.1,9
294,"2023-09-25 05:07:03",13.9,9.1,9
295,"2023-09-25 05:08:03",13.9,9.1,9
296,"2023-09-25 05:09:04",13.9,9.1,9
297,"2023-09-25 05:10:04",13.9,9.1,9
298,"2023-09-25 05:11:05",13.9,9.1,9
299,"2023-09-25 05:12:05",13.9,9.1,9
300,"2023-09-25 05:13:06",13.9,9.1,9
301,"2023-09-25 05:14:06",13.9,9.1,9
302,"2023-09-25 05:15:06",13.7,9.6,13
303,"2023-09-25 05:16:07",13.7,9.6,13
304,"2023-09-25 05:17:07",13.7,9.6,13
305,"2023-09-25 05:18:07",13.7,9.6,13
306,"2023-09-25 05:19:08",13.7,9.6,13
307,"2023-09-25 05:20:08",13.7,9.6,13
308,"2023-09-25 05:21:09",13.7,9.6,13
309,"2023-09-25 05:22:09",13.7,9.6,13
310,"2023-09-25 05:23:09",13.7,9.6,13
311,"2023-09-25 05:24:10",13.7,9.6,13
312,"2023-09-25 05:25:10",13.7,9.6,13
313,"2023-09-25 05:26:11",13.7,9.6,13
314,"2023-09-25 05:27:11",14.2,9.8,8
315,"2023-09-25 05:28:11",14.2,9.8,8
316,"2023-09-25 05:29:12",14.2,9.8,8
317,"2023-09-25 05:30:12",14.1,10,15
318,"2023-09-25 05:31:13",14.1,10,15
319,"2023-09-25 05:32:13",14.1,10,15
320,"2023-09-25 05:33:13",14.1,10,15
321,"2023-09-25 05:34:14",14.1,10,15
322,"2023-09-25 05:35:14",14.1,10,15
323,"2023-09-25 05:36:15",14.1,10,15
324,"2023-09-25 05:37:15",14.1,10,15
325,"2023-09-25 05:38:15",14.1,10,15
326,"2023-09-25 05:39:16",14.1,10,15
327,"2023-09-25 05:40:16",14.1,10,15
328,"2023-09-25 05:41:17",14.1,10,15
329,"2023-09-25 05:42:17",14.1,10,15
330,"2023-09-25 05:43:17",14.1,10,15
331,"2023-09-25 05:44:18",14.1,10,15
332,"2023-09-25 05:45:18",13.9,10.1,17
333,"2023-09-25 05:46:18",13.9,10.1,17
334,"2023-09-25 05:47:19",13.9,10.1,17
335,"2023-09-25 05:48:19",13.9,10.1,17
336,"2023-09-25 05:49:20",13.9,10.1,17
337,"2023-09-25 05:50:20",13.9,10.1,17
338,"2023-09-25 05:51:20",13.9,10.1,17
339,"2023-09-25 05:52:21",13.9,10.1,17
340,"2023-09-25 05:53:21",13.9,10.1,17
341,"2023-09-25 05:54:22",13.9,10.1,17
342,"2023-09-25 05:55:22",13.9,10.1,17
343,"2023-09-25 05:56:22",13.9,10.1,17
344,"2023-09-25 05:57:23",13.9,10.1,17
345,"2023-09-25 05:58:23",13.9,10.1,17
346,"2023-09-25 05:59:24",13.9,10.1,17
347,"2023-09-25 06:00:24",13.7,10.2,23
348,"2023-09-25 06:01:24",13.7,10.2,23
349,"2023-09-25 06:02:25",13.7,10.2,23
350,"2023-09-25 06:03:25",13.7,10.2,23
351,"2023-09-25 06:04:26",13.7,10.2,23
352,"2023-09-25 06:05:26",13.7,10.2,23
353,"2023-09-25 06:06:27",13.7,10.2,23
354,"2023-09-25 06:07:27",13.7,10.2,23
355,"2023-09-25 06:08:27",13.7,10.2,23
356,"2023-09-25 06:09:28",13.7,10.2,23
357,"2023-09-25 06:10:28",13.7,10.2,23
358,"2023-09-25 06:11:28",13.7,10.2,23
359,"2023-09-25 06:12:29",13.7,10.2,23
360,"2023-09-25 06:13:29",13.7,10.2,23
361,"2023-09-25 06:14:30",13.7,10.2,23
362,"2023-09-25 06:15:30",13.5,10.1,27
363,"2023-09-25 06:16:30",13.5,10.1,27
364,"2023-09-25 06:17:31",13.5,10.1,27
365,"2023-09-25 06:18:31",13.5,10.1,27
366,"2023-09-25 06:19:32",13.5,10.1,27
367,"2023-09-25 06:20:32",13.5,10.1,27
368,"2023-09-25 06:21:32",13.5,10.1,27
369,"2023-09-25 06:22:33",13.5,10.1,27
370,"2023-09-25 06:23:33",13.5,10.1,27
371,"2023-09-25 06:24:34",13.5,10.1,27
372,"2023-09-25 06:25:34",13.5,10.1,27
373,"2023-09-25 06:26:34",13.5,10.1,27
374,"2023-09-25 06:27:35",13.5,10.1,27
375,"2023-09-25 06:28:35",13.9,11.5,32
376,"2023-09-25 06:29:36",13.9,11.5,32
377,"2023-09-25 06:30:36",13.7,11,38
378,"2023-09-25 06:31:36",13.7,11,38
379,"2023-09-25 06:32:37",13.7,11,38
380,"2023-09-25 06:33:37",13.7,11,38
381,"2023-09-25 06:34:37",13.7,11,38
382,"2023-09-25 06:35:38",13.7,11,38
383,"2023-09-25 06:36:38",13.7,11,38
384,"2023-09-25 06:37:39",13.7,11,38
385,"2023-09-25 06:38:39",13.7,11,38
386,"2023-09-25 06:39:39",13.7,11,38
387,"2023-09-25 06:40:40",13.7,11,38
388,"2023-09-25 06:41:40",13.7,11,38
389,"2023-09-25 06:42:41",13.7,11,38
390,"2023-09-25 06:43:41",13.7,11,38
391,"2023-09-25 06:44:41",13.7,11,38
392,"2023-09-25 06:45:42",13.6,10.5,38
393,"2023-09-25 06:46:42",13.6,10.5,38
394,"2023-09-25 06:47:43",13.6,10.5,38
395,"2023-09-25 06:48:43",13.6,10.5,38
396,"2023-09-25 06:49:43",13.6,10.5,38
397,"2023-09-25 06:50:44",13.6,10.5,38
398,"2023-09-25 06:51:44",13.6,10.5,38
399,"2023-09-25 06:52:44",13.6,10.5,38
400,"2023-09-25 06:53:45",13.6,10.5,38
401,"2023-09-25 06:54:45",13.6,10.5,38
402,"2023-09-25 06:55:46",13.6,10.5,38
403,"2023-09-25 06:56:46",13.6,10.5,38
404,"2023-09-25 06:57:46",13.6,10.5,38
405,"2023-09-25 06:58:47",13.6,10.5,38
406,"2023-09-25 06:59:47",13.6,10.5,38
407,"2023-09-25 07:00:47",13.6,10.6,35
408,"2023-09-25 07:01:48",13.6,10.6,35
409,"2023-09-25 07:02:48",13.6,10.6,35
410,"2023-09-25 07:03:49",13.6,10.6,35
411,"2023-09-25 07:04:49",13.6,10.6,35
412,"2023-09-25 07:05:49",13.6,10.6,35
413,"2023-09-25 07:06:50",13.6,10.6,35
414,"2023-09-25 07:07:50",13.6,10.6,35
415,"2023-09-25 07:08:50",13.6,10.6,35
416,"2023-09-25 07:09:51",13.6,10.6,35
417,"2023-09-25 07:10:51",13.6,10.6,35
418,"2023-09-25 07:11:52",13.6,10.6,35
419,"2023-09-25 07:12:52",13.6,10.6,35
420,"2023-09-25 07:13:52",13.6,10.6,35
421,"2023-09-25 07:14:53",13.6,10.6,35
422,"2023-09-25 07:15:53",13.4,10.5,31
423,"2023-09-25 07:16:54",13.4,10.5,31
424,"2023-09-25 07:17:54",13.4,10.5,31
425,"2023-09-25 07:18:54",13.4,10.5,31
426,"2023-09-25 07:19:55",13.4,10.5,31
427,"2023-09-25 07:20:55",13.4,10.5,31
428,"2023-09-25 07:21:55",13.4,10.5,31
429,"2023-09-25 07:22:56",13.4,10.5,31
430,"2023-09-25 07:23:56",13.4,10.5,31
431,"2023-09-25 07:24:57",13.4,10.5,31
432,"2023-09-25 07:25:57",13.4,10.5,31
433,"2023-09-25 07:26:57",13.4,10.5,31
434,"2023-09-25 07:27:58",13.4,10.5,31
435,"2023-09-25 07:28:58",13.4,10.5,31
436,"2023-09-25 07:29:58",14.1,10.8,30
437,"2023-09-25 07:30:59",13.9,10.1,27
438,"2023-09-25 07:31:59",13.9,10.1,27
439,"2023-09-25 07:33:00",13.9,10.1,27
440,"2023-09-25 07:34:00",13.9,10.1,27
441,"2023-09-25 07:35:00",13.9,10.1,27
442,"2023-09-25 07:36:01",13.9,10.1,27
443,"2023-09-25 07:37:01",13.9,10.1,27
444,"2023-09-25 07:38:02",13.9,10.1,27
445,"2023-09-25 07:39:02",13.9,10.1,27
446,"2023-09-25 07:40:02",13.9,10.1,27
447,"2023-09-25 07:41:03",13.9,10.1,27
448,"2023-09-25 07:42:03",13.9,10.1,27
449,"2023-09-25 07:43:04",13.9,10.1,27
450,"2023-09-25 07:44:04",13.9,10.1,27
451,"2023-09-25 07:45:04",14.1,9.8,24
452,"2023-09-25 07:46:05",14.1,9.8,24
453,"2023-09-25 07:47:05",14.1,9.8,24
454,"2023-09-25 07:48:06",14.1,9.8,24
455,"2023-09-25 07:49:06",14.1,9.8,24
456,"2023-09-25 07:50:07",14.1,9.8,24
457,"2023-09-25 07:51:07",14.1,9.8,24
458,"2023-09-25 07:52:07",14.1,9.8,24
459,"2023-09-25 07:53:08",14.1,9.8,24
460,"2023-09-25 07:54:08",14.1,9.8,24
461,"2023-09-25 07:55:09",14.1,9.8,24
462,"2023-09-25 07:56:09",14.1,9.8,24
463,"2023-09-25 07:57:09",14.1,9.8,24
464,"2023-09-25 07:58:10",14.1,9.8,24
465,"2023-09-25 07:59:10",14.1,9.8,24
466,"2023-09-25 08:00:10",14.4,9.1,18
467,"2023-09-25 08:01:11",14.4,9.1,18
468,"2023-09-25 08:02:11",14.4,9.1,18
469,"2023-09-25 08:03:12",14.4,9.1,18
470,"2023-09-25 08:04:12",14.4,9.1,18
471,"2023-09-25 08:05:12",14.4,9.1,18
472,"2023-09-25 08:06:13",14.4,9.1,18
473,"2023-09-25 08:07:13",14.4,9.1,18
474,"2023-09-25 08:08:13",14.4,9.1,18
475,"2023-09-25 08:09:14",14.4,9.1,18
476,"2023-09-25 08:10:14",14.4,9.1,18
477,"2023-09-25 08:11:15",14.4,9.1,18
478,"2023-09-25 08:12:15",14.4,9.1,18
479,"2023-09-25 08:13:16",14.4,9.1,18
480,"2023-09-25 08:14:16",14.4,9.1,18
481,"2023-09-25 08:15:16",14.8,9.2,26
482,"2023-09-25 08:16:17",14.8,9.2,26
483,"2023-09-25 08:17:17",14.8,9.2,26
484,"2023-09-25 08:18:17",14.8,9.2,26
485,"2023-09-25 08:19:18",14.8,9.2,26
486,"2023-09-25 08:20:18",14.8,9.2,26
487,"2023-09-25 08:21:19",14.8,9.2,26
488,"2023-09-25 08:22:19",14.8,9.2,26
489,"2023-09-25 08:23:19",14.8,9.2,26
490,"2023-09-25 08:24:20",14.8,9.2,26
491,"2023-09-25 08:25:20",14.8,9.2,26
492,"2023-09-25 08:26:21",14.8,9.2,26
493,"2023-09-25 08:27:21",14.5,10.7,20
494,"2023-09-25 08:28:21",14.5,10.7,20
495,"2023-09-25 08:29:22",14.5,10.7,20
496,"2023-09-25 08:30:22",15,10.5,31
497,"2023-09-25 08:31:23",15,10.5,31
498,"2023-09-25 08:32:23",15,10.5,31
499,"2023-09-25 08:33:23",15,10.5,31
500,"2023-09-25 08:34:24",15,10.5,31
501,"2023-09-25 08:35:24",15,10.5,31
502,"2023-09-25 08:36:25",15,10.5,31
503,"2023-09-25 08:37:25",15,10.5,31
504,"2023-09-25 08:38:25",15,10.5,31
505,"2023-09-25 08:39:26",15,10.5,31
506,"2023-09-25 08:40:26",15,10.5,31
507,"2023-09-25 08:41:27",15,10.5,31
508,"2023-09-25 08:42:27",15,10.5,31
509,"2023-09-25 08:43:27",15,10.5,31
510,"2023-09-25 08:44:28",15,10.5,31
511,"2023-09-25 08:45:28",15.5,11.5,39
512,"2023-09-25 08:46:29",15.5,11.5,39
513,"2023-09-25 08:47:29",15.5,11.5,39
514,"2023-09-25 08:48:29",15.5,11.5,39
515,"2023-09-25 08:49:30",15.5,11.5,39
516,"2023-09-25 08:50:30",15.5,11.5,39
517,"2023-09-25 08:51:30",15.5,11.5,39
518,"2023-09-25 08:52:31",15.5,11.5,39
519,"2023-09-25 08:53:31",15.5,11.5,39
520,"2023-09-25 08:54:32",15.5,11.5,39
521,"2023-09-25 08:55:32",15.5,11.5,39
522,"2023-09-25 08:56:33",15.5,11.5,39
523,"2023-09-25 08:57:33",15.5,11.5,39
524,"2023-09-25 08:58:33",15.5,11.5,39
525,"2023-09-25 08:59:34",15.5,11.5,39
526,"2023-09-25 09:00:34",16,13.2,45
527,"2023-09-25 09:01:35",16,13.2,45
528,"2023-09-25 09:02:35",16,13.2,45
529,"2023-09-25 09:03:35",16,13.2,45
530,"2023-09-25 09:04:36",16,13.2,45
531,"2023-09-25 09:05:36",16,13.2,45
532,"2023-09-25 09:06:37",16,13.2,45
533,"2023-09-25 09:07:37",16,13.2,45
534,"2023-09-25 09:08:37",16,13.2,45
535,"2023-09-25 09:09:38",16,13.2,45
536,"2023-09-25 09:10:38",16,13.2,45
537,"2023-09-25 09:11:39",16,13.2,45
538,"2023-09-25 09:12:39",16,13.2,45
539,"2023-09-25 09:13:39",16,13.2,45
540,"2023-09-25 09:14:40",16,13.2,45
541,"2023-09-25 09:15:40",16.3,14.1,50
542,"2023-09-25 09:16:40",16.3,14.1,50
543,"2023-09-25 09:17:41",16.3,14.1,50
544,"2023-09-25 09:18:41",16.3,14.1,50
545,"2023-09-25 09:19:42",16.4,14.3,43
546,"2023-09-25 09:20:42",16.4,14.3,43
547,"2023-09-25 09:21:43",16.4,14.3,43
548,"2023-09-25 09:22:43",16.4,14.3,43
549,"2023-09-25 09:23:43",16.4,14.3,43
550,"2023-09-25 09:24:44",16.4,14.3,43
551,"2023-09-25 09:25:44",16.4,14.3,43
552,"2023-09-25 09:26:45",16.4,14.3,43
553,"2023-09-25 09:27:45",16.4,14.3,43
554,"2023-09-25 09:28:45",16.4,14.3,43
555,"2023-09-25 09:29:46",16.4,14.3,43
556,"2023-09-25 09:30:46",16.8,15,48
557,"2023-09-25 09:31:47",16.8,15,48
558,"2023-09-25 09:32:47",16.8,15,48
559,"2023-09-25 09:33:47",16.8,15,48
560,"2023-09-25 09:34:48",16.8,15,48
561,"2023-09-25 09:35:48",16.8,15,48
562,"2023-09-25 09:36:49",16.8,15,48
563,"2023-09-25 09:37:49",16.8,15,48
564,"2023-09-25 09:38:49",16.8,15,48
565,"2023-09-25 09:39:50",16.8,15,48
566,"2023-09-25 09:40:50",16.8,15,48
567,"2023-09-25 09:41:50",16.8,15,48
568,"2023-09-25 09:42:51",16.8,15,48
569,"2023-09-25 09:43:51",16.8,15,48
570,"2023-09-25 09:44:52",16.8,15,48
571,"2023-09-25 09:45:52",17.3,15.2,54
572,"2023-09-25 09:46:52",17.3,15.2,54
573,"2023-09-25 09:47:53",17.3,15.2,54
574,"2023-09-25 09:48:53",17.3,15.2,54
575,"2023-09-25 09:49:54",17.3,15.2,54
576,"2023-09-25 09:50:54",17.3,15.2,54
577,"2023-09-25 09:51:54",17.3,15.2,54
578,"2023-09-25 09:52:55",17.3,15.2,54
579,"2023-09-25 09:53:55",17.3,15.2,54
580,"2023-09-25 09:54:55",17.3,15.2,54
581,"2023-09-25 09:55:56",17.3,15.2,54
582,"2023-09-25 09:56:56",17.3,15.2,54
583,"2023-09-25 09:57:57",17.3,15.2,54
584,"2023-09-25 09:58:57",17.3,15.2,54
585,"2023-09-25 09:59:57",17.3,15.2,54
586,"2023-09-25 10:00:58",17.6,16,54
587,"2023-09-25 10:01:58",17.6,16,54
588,"2023-09-25 10:02:59",17.6,16,54
589,"2023-09-25 10:03:59",17.6,16,54
590,"2023-09-25 10:04:59",17.6,16,54
591,"2023-09-25 10:06:00",17.6,16,54
592,"2023-09-25 10:07:00",17.6,16,54
593,"2023-09-25 10:08:01",17.6,16,54
594,"2023-09-25 10:09:01",17.6,16,54
595,"2023-09-25 10:10:01",17.6,16,54
596,"2023-09-25 10:11:02",17.6,16,54
597,"2023-09-25 10:12:02",17.6,16,54
598,"2023-09-25 10:13:03",17.6,16,54
599,"2023-09-25 10:14:03",17.6,16,54
600,"2023-09-25 10:15:03",18,16.3,59
601,"2023-09-25 10:16:04",18,16.3,59
602,"2023-09-25 10:17:04",18,16.3,59
603,"2023-09-25 10:18:05",18,16.3,59
604,"2023-09-25 10:19:05",18,16.3,59
605,"2023-09-25 10:20:05",18,16.3,59
606,"2023-09-25 10:21:06",18,16.3,59
607,"2023-09-25 10:22:06",18,16.3,59
608,"2023-09-25 10:23:07",18,16.3,59
609,"2023-09-25 10:24:07",18,16.3,59
610,"2023-09-25 10:25:07",18,16.3,59
611,"2023-09-25 10:26:08",18,16.3,59
612,"2023-09-25 10:27:08",18,16.3,59
613,"2023-09-25 10:28:09",18,16.3,59
614,"2023-09-25 10:29:09",18,17.1,55
615,"2023-09-25 10:30:09",18.4,17.3,59
616,"2023-09-25 10:31:10",18.4,17.3,59
617,"2023-09-25 10:32:10",18.4,17.3,59
618,"2023-09-25 10:33:11",18.4,17.3,59
619,"2023-09-25 10:34:11",18.4,17.3,59
620,"2023-09-25 10:35:11",18.4,17.3,59
621,"2023-09-25 10:36:12",18.4,17.3,59
